Prevalencia,Precipitacion_S1,Temperatura_M1,total.evaporation_S1,Punto.rocio_M1,Humedad.relativa_M1,DirViento_M1,Viento_M1,Precipitacion_S2,Temperatura_M2,total.evaporation_S2,Punto.rocio_M2,Humedad.relativa_M2,DirViento_M2,Viento_M2,Precipitacion_S3,Temperatura_M3,total.evaporation_S3,Punto.rocio_M3,Humedad.relativa_M3,DirViento_M3,Viento_M3,Precipitacion_S4,Temperatura_M4,total.evaporation_S4,Punto.rocio_M4,Humedad.relativa_M4,DirViento_M4,Viento_M4,Precipitacion_S5,Temperatura_M5,total.evaporation_S5,Punto.rocio_M5,Humedad.relativa_M5,DirViento_M5,Viento_M5,Precipitacion_S6,Temperatura_M6,total.evaporation_S6,Punto.rocio_M6,Humedad.relativa_M6,DirViento_M6,Viento_M6,Precipitacion_S7,Temperatura_M7,total.evaporation_S7,Punto.rocio_M7,Humedad.relativa_M7,DirViento_M7,Viento_M7,Precipitacion_S8,Temperatura_M8,total.evaporation_S8,Punto.rocio_M8,Humedad.relativa_M8,DirViento_M8,Viento_M8,Precipitacion_S9,Temperatura_M9,total.evaporation_S9,Punto.rocio_M9,Humedad.relativa_M9,DirViento_M9,Viento_M9
0,40.7722242,17.4526135,-28.3392966,9.6921036,62.1542888,102.8932756,9.5500029,29.9803246,19.9308933,-31.6338604,11.7108447,61.320495,82.0529869,10.5245832,58.8045426,21.0954985,-32.3273595,15.04153,69.0954405,93.0443416,8.8097085,23.2925697,21.4200261,-33.4991766,15.1953734,68.2744459,86.9208532,6.3305669,88.1711667,21.7642181,-35.734158,16.5286947,73.1269508,86.8076774,7.9699748,52.4947684,23.3650358,-43.684124,18.5208002,74.6101101,65.7341663,8.2292372,92.8123165,22.3704011,-36.1647233,19.2846941,82.7948254,124.2751664,7.7553177,18.2306293,20.8924276,-41.2601875,15.2898472,70.9553998,150.3972534,6.2477564,52.3171501,21.5942248,-38.1234437,17.7563232,79.0192193,105.8756739,6.1954916
1,68.8792767,22.2116833,-34.8577108,13.5529298,59.3870824,118.7849961,8.6053238,33.4090324,23.3967417,-46.0111806,15.5926727,61.9024907,82.2658053,8.7861342,105.8100807,25.132405,-37.9701704,17.1004012,62.0784769,70.3193804,7.1483906,66.6627496,23.6995601,-53.7402239,17.3532349,67.879986,72.6793036,9.0076054,23.3351435,25.897401,-42.3048316,20.6890154,73.298985,90.9528418,9.311781,22.9035118,23.9583858,-44.942474,17.2443928,66.6892621,135.3030387,7.8798126,38.1816463,24.1818314,-34.0678738,18.4837109,71.34632,119.1761209,8.5292104,28.1528838,24.3704187,-43.7095668,18.0520255,68.3751155,118.3772465,7.0540538,33.4302829,23.3090368,-33.8698309,16.8408042,67.4033838,111.9743646,8.4055847
1,32.8822642,22.9067981,-55.9737301,16.3945009,67.1218352,74.5008623,9.9239627,51.9908692,24.8869588,-46.9054319,20.0733181,75.1892473,82.090282,12.3131625,55.2423546,23.1505509,-52.5565566,17.2943833,70.0714518,100.8635506,9.3846055,47.6995991,23.4725892,-39.2783517,18.0417269,72.1944181,126.2740633,11.1215898,40.020717,23.700425,-48.2434314,18.3880079,72.6710145,97.3313592,7.743997,44.9212448,22.2405712,-45.0961199,17.156218,73.0862532,90.9568612,10.2235043,60.445566,21.4337577,-44.0454008,16.6646908,74.6548527,128.5282813,8.6009051,113.9969363,21.0697893,-31.3750999,17.5293189,80.5613069,99.7740803,9.7195247,47.0315307,20.8944033,-35.6147271,15.8951255,73.4511988,163.6318193,8.976966
0,59.00061,23.0339665,-37.0697184,17.4801179,71.3669312,96.3833025,10.3109357,17.3943021,23.5050274,-39.8184527,16.4934538,64.9595531,103.4669025,6.8331296,36.4400462,22.2979938,-34.3336733,15.8946717,67.4636335,87.4135772,10.1187295,15.5905287,22.9331621,-31.9639593,15.6458307,63.8885834,81.4895755,9.0599765,104.4558003,20.0678934,-26.3593663,15.8171806,77.3853308,96.1304076,9.9340306,7.4256122,20.4731888,-30.6885745,14.886678,70.626862,82.6124244,7.5638684,109.9110198,19.7413115,-20.2607652,16.6114478,83.2903746,116.4056876,7.6653087,30.970779,18.443182,-25.7363869,14.0493804,75.7239753,130.8300454,6.8046328,8.4058279,19.9308551,-21.5791948,15.6043846,76.6035796,64.6095789,10.9669286
0,42.698382,22.2142806,-38.7519691,18.1319897,77.8920477,119.8001957,7.1970307,17.6115014,22.9736228,-45.5349423,16.9501188,69.0517445,138.7248411,5.3552369,41.9452355,21.5027383,-38.0962547,16.1351095,71.8619947,160.18291,7.3025978,17.325605,21.6845455,-35.4559636,16.3595352,72.1043121,76.1531597,5.4149326,111.1174687,19.4874002,-28.1733498,16.1426526,81.8222283,140.5814151,9.1445253,10.6869846,19.9219926,-35.2918301,15.3693033,75.3184595,124.141879,6.1344349,170.7377684,19.3727731,-20.2917838,17.2506323,88.1283702,103.2098822,7.8053501,37.714836,18.1884457,-26.4005028,14.8165761,80.877375,180.6909867,5.3945616,27.3778522,19.3037392,-22.7563241,15.9806053,81.4923721,107.0957084,8.0938311
1,16.9085144,24.1710161,-41.1884971,15.9020855,60.7521126,122.5449787,8.9618237,2.1730864,27.9016891,-34.7405011,17.9790937,55.2544908,114.8843427,7.1759133,59.5970311,26.4826681,-36.0545218,16.3677557,54.5525822,176.7873254,9.8555884,20.1144484,23.435081,-41.0198011,15.6360615,62.0078437,83.8560321,9.7201637,36.9122412,23.5534967,-41.5832847,18.5970988,74.3566237,157.7379934,8.3342511,18.8659121,22.8712632,-33.9006316,15.5811607,64.0902794,107.4117478,8.1404848,34.691295,25.4412387,-28.4313392,19.2143169,68.8874828,101.111146,7.5278794,36.4697874,22.5330387,-31.2779518,17.8719731,75.2643166,193.0741143,13.2108801,2.3365321,21.4527241,-22.3596413,14.3811494,64.2827973,101.0855392,8.6349557
1,14.2335006,25.7312794,-42.4338384,15.941982,55.1451939,181.7652504,9.6408386,54.3545721,22.5457232,-34.1268675,16.1450734,67.7480318,88.201965,6.7925244,90.8945661,20.950067,-35.7104428,17.6690877,81.9459639,156.6193285,7.3380687,35.5840401,21.3197344,-44.192994,15.9544286,71.7508836,127.9033565,7.1573749,73.4914216,22.3886904,-36.9270742,18.0792123,77.0116935,82.4190415,4.3859487,34.2061386,21.925477,-39.5807121,17.6505039,77.2838834,193.9343927,6.4636434,33.0992892,20.1627979,-30.3656049,15.7264748,76.1550917,150.7956052,4.2367165,10.252488,21.0064424,-30.8519481,15.8005679,72.3927454,139.6538246,5.8972176,56.9366973,19.5607971,-22.4871049,16.4029198,82.43496,140.7039281,7.524975
0,22.65656,23.7426584,-34.5014939,13.372471,52.7778458,69.1810132,12.2351229,31.0185292,23.2593115,-25.3467942,16.6911226,68.2065043,92.9408001,12.2295915,75.5411016,23.4777695,-37.7097446,17.2615053,69.1360624,164.9105954,9.5047711,27.1709058,22.7982786,-43.7519671,16.155532,66.3631471,70.5393794,11.0881544,53.4833029,23.1039452,-36.8755907,19.9953316,82.7714827,92.5094673,7.0536242,6.9417342,21.0450389,-32.4830571,15.8687253,72.4746586,160.1428661,13.9590907,6.8662289,21.9585052,-22.6543061,14.2921606,62.0909611,56.3146492,10.0543568,59.5671814,20.9244136,-23.5118717,15.8420641,73.1454086,73.1726213,12.3656874,5.7391635,18.9409002,-25.2375333,12.7178865,67.3824648,228.7777666,8.3717264
1,89.9435368,20.7743628,-32.9707731,16.9602715,79.484665,109.2219274,5.6559413,48.4503564,21.5851407,-42.5153924,16.9555406,75.2420718,128.1138697,6.8724311,23.4022369,21.3368732,-44.2871843,16.0486142,71.9663599,82.8761767,6.242475,114.733319,21.7985177,-32.5670484,19.182712,85.170866,159.2627552,2.724822,15.1719138,21.6328876,-39.083303,16.0174557,70.6220408,177.8521029,5.4943347,33.0064479,19.3238062,-30.620059,15.3300912,78.0041373,88.3388818,4.6516682,53.3175778,21.138801,-27.315123,17.3353472,79.3296407,112.1854248,7.08208,32.5426063,18.9080159,-26.0060066,14.7941208,77.5757066,197.492366,4.568152,2.3518802,14.9422535,-25.1205852,8.2794911,64.6355628,226.1577164,6.2033938
1,83.8589605,23.044073,-32.8546977,17.6044284,72.4462812,122.6529938,6.8153873,32.8462478,23.4002855,-45.27664,17.7795478,70.9903239,169.1099571,8.0689975,20.4714169,23.0806639,-44.2969315,16.7169492,67.5642069,105.1350523,5.7070823,111.8949757,23.5969145,-36.0157937,20.4381075,82.5414376,185.8493372,5.0300002,3.94447,23.3152037,-41.378174,17.0734779,68.2087623,193.3150268,6.7097528,12.0093111,21.2322209,-28.2105859,15.6998341,70.9702894,146.7714423,4.7077292,26.8829625,23.4289621,-22.6744143,17.6528032,70.705492,86.6747387,7.5790883,22.2222111,20.3251871,-24.7161807,15.4036748,73.7563212,142.474712,6.2338161,0.1769514,17.1355152,-16.1288893,8.4633371,57.1116735,163.6679689,8.0891537
0,84.4785359,22.8837296,-35.6544862,17.6901136,73.4759836,124.0200368,7.0683848,33.9284148,23.3096524,-47.5413883,17.7741604,71.3756424,134.3758917,8.0921647,24.0760376,22.943994,-46.9886968,16.7768695,68.371269,110.0215272,5.856378,112.1190742,23.5332508,-36.9769223,20.3933321,82.6227443,184.8013405,5.1211403,3.8615599,23.2182147,-42.2738157,17.0905433,68.6618953,197.140672,6.4711884,14.5013068,21.1009221,-29.2614093,15.7497201,71.7701776,142.5897377,4.7699196,26.4674883,23.3163563,-23.3524675,17.7122433,71.454974,88.4109122,7.7335319,25.2358666,20.2170572,-25.7164976,15.4109258,74.2749786,175.207998,6.3167527,0.271082,17.029371,-16.7915234,8.5376291,57.7576703,161.9616245,8.1763078
0,20.393112,23.4651993,-42.3806105,16.9434421,67.1988684,90.757584,9.933321,23.1288281,23.851612,-41.0679113,18.0597724,70.8588632,152.6891787,8.7158158,19.9195226,23.2182941,-34.7724538,16.033624,64.6114193,115.986489,8.5937205,34.1621742,25.5695952,-25.0910092,19.5754122,69.8813254,108.0547607,7.0137445,7.4533954,22.5282489,-25.1887534,16.8306475,70.5164145,191.5194413,12.6224826,2.5483403,22.3640487,-16.3600044,14.3781381,60.9239135,90.7999493,9.3407987,20.1488447,24.6638336,-16.4951533,17.0104041,63.0340137,88.8145006,10.3748589,13.5390809,20.7738118,-21.0883832,13.9010381,65.0366854,159.2757954,8.5459695,1.0225029,17.5108,-8.8655073,8.1263824,54.6215235,246.8362899,8.9067711
1,27.030484,23.3759904,-41.8796996,16.7750257,66.9741364,86.8280895,9.8252219,25.283983,23.7739021,-42.205167,18.192829,71.7504335,149.9715703,8.668826,18.9635535,23.0062824,-34.3726268,15.9971494,65.2283406,113.0812542,8.4559927,49.0948663,24.9425688,-29.3776039,19.8024385,73.4115673,108.5304283,7.3302699,16.3883701,22.1831806,-30.4104183,16.9519284,72.5156776,190.2622433,12.7459755,0.7148866,22.0278833,-18.3445131,14.4016733,62.2119172,83.4316817,8.913693,24.6576082,24.244636,-14.7679271,16.8595903,63.9852621,87.0883954,10.2877594,11.2268081,20.6281331,-22.4661371,13.9682988,65.8762744,167.1166774,8.2724045,0.8827449,17.2418547,-9.0602404,7.7019765,54.0009637,240.8861687,8.9670141
1,34.0207678,23.2605607,-34.6978735,15.3980889,62.2916978,69.355353,11.7551272,25.6721732,23.6087816,-41.1641849,17.9469875,71.5729599,140.356602,9.366285,31.1493953,22.1433511,-43.3022622,15.7895078,67.7595917,91.8107557,9.5494793,59.3993918,23.8898833,-34.4342198,19.6561902,77.4902633,73.6229694,6.1171938,26.9052371,21.019289,-33.0335079,17.00839,78.1399797,182.3569675,13.9278285,0.3412846,21.0018498,-28.9763659,14.2604379,65.5188957,94.6535444,8.7686745,56.1974507,21.5616119,-25.859274,16.0782996,71.4604569,80.877425,10.1230841,10.9008601,19.1642008,-26.0914378,13.7833786,71.2162086,177.5093118,8.349341,1.5506149,15.3706308,-18.711308,7.6223541,60.4828987,270.8622113,9.1688663
0,27.0252835,23.4563045,-44.1162633,17.0932793,67.8668495,93.9924282,9.8544427,24.0999069,23.7291348,-44.0209061,18.0143052,71.1271675,119.3518135,8.7098192,17.0683791,23.1945393,-36.9319646,16.0342588,64.6769434,117.8078952,8.5685611,30.8447585,25.5687082,-27.0004701,19.5898816,69.9628756,111.6324214,6.7352416,5.1096216,22.6317564,-23.6772196,16.7240394,69.5962987,190.8320232,12.2609023,3.8813684,22.3841008,-16.3128087,14.3648324,60.7972553,95.6082959,9.4858184,20.0081032,24.7542958,-16.9210136,17.0110389,62.7177269,91.4878498,10.1783804,18.9403644,20.6307861,-22.5829734,13.9290003,65.6894275,164.2769976,8.4251653,0.9897799,17.3977955,-10.2798808,8.5114898,56.4783347,213.6710777,8.5361581
0,27.2256669,23.3010878,-40.5129567,18.1226847,73.4955282,154.3079525,8.6569565,50.9810139,22.1699367,-41.4759265,15.3753013,65.9697312,108.8059062,11.1829797,82.4083149,23.8202019,-36.0511318,19.4483013,77.0588674,61.6074579,7.6980959,13.3975447,21.9514632,-36.2508316,17.6050867,76.6588406,175.049867,12.5276001,5.0014409,20.9817768,-27.2679254,13.9920869,64.6887241,65.9892964,9.7602431,36.7236031,22.5664209,-23.2611001,15.9507624,66.6499686,58.6116822,10.0536349,54.2149088,19.1739597,-25.3598923,14.877467,76.4088597,127.417277,9.650236,4.8609109,16.0309564,-19.9848237,9.2006242,64.2525317,219.4004025,8.3638035,0.0085177,19.4751541,-16.6915525,11.6990651,60.8464394,223.450797,9.838074
0,23.456299,22.5930068,-45.7080994,17.8959351,75.0660128,177.7958826,7.2669025,34.4100435,22.0224106,-45.1720869,15.8453941,68.2165255,96.9994614,6.822201,93.5107976,23.7857456,-34.3287885,20.3721539,81.4636419,159.230475,3.3020152,17.6945925,22.8782047,-44.0298179,17.1669275,70.5590863,206.3436993,7.6506391,17.4901339,20.5967589,-29.5125032,15.6282441,73.4713636,116.1882222,4.6676739,13.8758761,22.9969791,-23.2483754,16.9361628,68.9283703,139.2816275,5.9257084,43.3137259,19.6860039,-24.0576565,15.8255383,78.8255398,155.5197162,6.8909983,0.5901039,17.5707025,-20.4213336,10.1349992,62.0540833,184.0904555,7.1066659,0.4518421,19.9197586,-13.6135891,12.3895192,62.0168737,248.7976582,6.2982306
1,35.6314864,20.934706,-41.7219764,16.6553182,76.8812424,137.2203205,5.2604261,49.3514378,20.4270656,-43.30457,14.8665855,70.6993797,82.124158,6.1093375,120.3049779,21.9733351,-33.4380828,18.9220399,83.0229915,120.80011,2.3132419,11.0756905,21.0253808,-39.4134931,15.3825118,70.4171074,204.3988724,4.5683222,45.9074082,19.026837,-31.6749876,14.6937227,76.3657616,83.8073108,4.6041648,57.070632,20.6670638,-28.6154756,16.3686172,76.6008567,138.9741739,5.8231902,54.2852125,18.041139,-23.0076741,14.6304862,81.1283049,183.2306309,4.7867758,7.4086369,15.2724522,-27.5040679,9.3498511,67.9128616,212.2066813,4.417281,0.9876432,17.3693273,-24.1152002,11.5087901,68.5885183,237.436006,5.900476
1,35.6314864,20.934706,-41.7219764,16.6553182,76.8812424,137.2203205,5.2604261,49.3514378,20.4270656,-43.30457,14.8665855,70.6993797,82.124158,6.1093375,120.3049779,21.9733351,-33.4380828,18.9220399,83.0229915,120.80011,2.3132419,11.0756905,21.0253808,-39.4134931,15.3825118,70.4171074,204.3988724,4.5683222,45.9074082,19.026837,-31.6749876,14.6937227,76.3657616,83.8073108,4.6041648,57.070632,20.6670638,-28.6154756,16.3686172,76.6008567,138.9741739,5.8231902,54.2852125,18.041139,-23.0076741,14.6304862,81.1283049,183.2306309,4.7867758,7.4086369,15.2724522,-27.5040679,9.3498511,67.9128616,212.2066813,4.417281,0.9876432,17.3693273,-24.1152002,11.5087901,68.5885183,237.436006,5.900476
1,33.252218,21.4116591,-42.3130384,17.1946493,77.2176999,139.6149386,6.1857232,47.4711497,20.8992254,-44.0831035,15.4368003,71.2628513,88.0057896,6.8589768,110.7639879,22.4035109,-33.6569529,19.5532004,84.091695,126.4772572,2.5085641,12.5341416,21.7582096,-39.9654442,16.2258549,71.0687707,207.9283371,5.869865,39.4940379,19.3556212,-30.6629417,15.2935762,77.723508,81.5381024,4.7872085,37.2632486,21.3758773,-28.1350296,16.9530655,76.0998252,148.7788758,6.3248069,59.6413305,18.6693373,-22.8395481,15.2758638,81.2460161,184.9500649,5.5150542,4.7319711,16.0680902,-25.9629833,9.9634172,67.2908389,216.4156391,5.2653475,1.2245418,18.6342524,-22.8482196,12.3357432,66.9426611,202.5021381,7.0562521
1,38.1330785,23.5637506,-43.9143516,18.8057088,75.1586883,134.0430811,7.6565135,18.5725232,23.4046128,-41.2288355,15.7085858,62.69364,116.6423422,8.3702296,30.8532178,26.1334506,-32.91291,20.1209087,69.8643056,101.5996454,6.0639985,13.8329715,23.4654443,-30.7380743,17.7721277,70.7100961,195.400662,9.7356959,9.3030634,22.5359923,-23.4949775,14.8118379,61.9295675,112.5919914,9.4499397,19.6178598,25.8815576,-21.4555506,16.4516983,56.4409044,77.129038,8.3574192,32.2471401,21.3889906,-25.0729658,15.4582369,69.1181254,121.7274439,8.599401,3.2995821,18.9137119,-17.18775,10.9692603,60.4809793,121.3464428,7.5711501,0.9162815,21.3922358,-12.2746071,12.0714203,55.626221,71.9250398,6.2627302
0,37.1318545,23.6277887,-47.0662387,18.9527384,75.5470402,136.6348534,7.8383173,17.0311321,23.5544907,-43.2424182,15.7826337,62.4226071,117.5606027,8.7106653,23.6502647,26.3619663,-31.6779539,20.2355897,69.4077924,103.9348098,6.3607717,13.6371703,23.8542383,-28.5742925,17.9474451,69.8713243,195.275157,9.7041189,6.7206624,22.9467182,-17.8880943,14.7009574,59.9697284,112.7437064,9.8629397,16.141553,26.1851302,-18.7319852,16.4507787,55.4436221,95.7606594,8.6803396,29.5771203,21.6234795,-24.7105667,15.6263196,68.913866,124.9342844,8.7848693,5.5274845,19.0981927,-15.0342593,11.0481665,60.2405375,124.1554049,7.9457403,0.5108805,21.5763179,-9.1989348,12.0596934,54.9787248,37.7706215,6.6699714
1,38.3536713,22.0080938,-34.7409472,15.2238901,66.2552655,153.5314504,11.0714658,23.0824771,25.0491168,-27.5056427,18.1970284,66.2275396,59.4234697,6.7410017,56.3376323,21.9613166,-31.1084082,18.7275901,82.0702063,155.1725101,12.8923343,7.511349,19.7835473,-31.498624,14.0826328,69.7726774,183.5992503,9.1119172,28.3694986,21.9534295,-22.680263,15.1936745,65.8459076,68.0820885,10.0682443,42.4922597,19.871971,-24.149836,15.0918082,74.1608594,121.1674839,10.1122857,1.6834429,18.0838401,-19.3837956,11.3257247,64.8496753,262.2964512,8.6418319,0.0081661,17.658833,-12.9726222,7.9660214,53.1415772,230.7415707,10.4082984,4.7883428,15.2198104,-8.3709629,7.4957144,60.4842523,182.2107895,7.6580857
0,46.2822662,22.0099004,-36.0274678,15.3509897,66.8259283,153.7417436,10.7986909,17.8551051,25.0949339,-30.4161683,18.1543851,65.763973,63.550468,6.9798945,54.3954448,22.0130662,-29.9147982,18.7522076,81.9749153,154.0960958,12.7645602,8.9509502,19.6616561,-32.2269052,14.0837559,70.3152666,184.1933125,9.2335278,34.4959471,21.9196649,-24.2553595,15.2243548,66.0982863,70.7956921,9.8665588,39.0348476,19.8118636,-24.8105107,15.0002555,73.989288,121.1482816,9.9783271,1.1336795,18.1406841,-19.6112934,11.2037765,64.0851836,261.3038103,8.5889969,0.0112953,17.6687451,-13.0652115,7.8140357,52.5664126,230.7104699,10.2042927,4.9650854,15.1941024,-8.4719285,7.3608105,60.044281,179.756814,7.5498438
0,5.5248126,23.3004494,-31.6256508,17.3897539,69.6196716,178.2578968,10.652896,8.0656741,22.5781519,-23.4925225,15.1216277,63.096681,96.9940131,9.9964544,33.049972,25.0720448,-22.5977283,17.4770138,63.3668773,90.1701935,10.6369058,38.175886,20.7647623,-29.4137187,15.1906947,70.5811297,99.0122833,8.4467112,2.0516516,17.5672698,-17.8354699,10.331314,63.0191521,114.324032,8.9790734,16.0632751,22.246025,-14.2981531,15.5250532,66.084277,48.994384,6.3047327,12.3335017,14.2534721,-14.2657049,8.7000024,70.0384041,110.7093949,8.7126435,0.0049059,16.6591574,-11.9182197,9.5032234,62.8741915,65.8342756,10.491992,1.545835,21.0971753,-7.8994371,13.0304754,60.5329974,95.8396133,9.0953044
0,3.5302174,22.8503876,-22.3319866,9.9783434,44.5851581,67.6528656,8.1002502,32.2754981,26.8207452,-21.2497599,15.4056863,51.4705102,48.3974792,9.613613,17.7879065,22.6844648,-30.4919947,12.9219396,55.086138,88.7415558,9.5211797,12.6235381,25.8101084,-26.8336227,15.9965384,55.9054204,86.7886542,7.3857915,49.7437116,24.8865703,-36.5077946,16.6781897,61.1545778,99.8319356,6.1017793,33.9865049,22.4073264,-37.9081955,13.8275531,59.6007396,109.9384306,7.1777647,10.578199,25.415682,-29.1200541,15.0144292,52.9555806,111.2771363,5.9117868,21.7173897,24.7732981,-25.0727972,14.7078496,54.9443417,79.3785728,7.8752101,72.3669975,23.4056451,-33.3613064,16.0879553,63.9805852,96.7206598,6.8092236
0,15.4777737,25.8732761,-25.4266141,13.7314567,47.6190157,31.315878,10.2912043,14.2493814,22.8556716,-24.5593386,13.3540974,56.1988434,100.7958217,9.4697728,6.5149497,26.6015687,-15.9586519,15.3818761,50.8734815,99.1053772,6.819025,36.9555683,26.3513952,-26.5696365,16.7754377,56.8216609,98.1832294,5.6341722,18.8133289,23.2829039,-28.9891567,13.1481929,54.4918544,98.6161254,8.0588005,12.2042435,25.6474405,-19.6133666,14.5137638,50.8004063,95.309324,5.1577578,15.8702035,25.4652313,-19.7569681,12.9919517,46.4861907,105.484998,7.2048131,84.3064221,24.1723829,-32.2401412,17.6015452,67.1144651,110.2195293,6.583179,33.2719719,23.6707789,-43.6672354,15.8925521,61.9276944,70.2264151,6.7439652
1,8.365211,25.656292,-33.9406431,14.4824495,50.2983993,37.1700089,10.6549767,10.142532,23.7386713,-25.7650791,13.3288858,52.9788033,97.4736949,10.3958893,4.5338701,27.2590312,-16.1613841,15.4819167,49.0801339,104.9470303,7.6421616,19.2713023,27.2493607,-21.9321409,16.8614566,53.9759412,107.5628891,6.0519569,16.9513841,24.5055276,-23.9291377,13.21748,50.6251072,83.598688,8.7515198,21.1089688,25.7826944,-22.7733487,14.8797387,51.7557656,138.0636861,5.2561337,17.6945974,25.6354218,-25.1250183,13.4242678,47.1202928,71.1167562,7.653436,74.7202369,24.9557244,-31.8122227,18.0694326,65.8575226,106.5794053,7.5405863,45.0713968,24.1947047,-44.1740286,16.3893376,61.9852672,77.7755994,6.3691479
0,5.6140394,27.7298353,-28.3856485,13.5173047,41.9511772,70.0836222,12.5881435,21.2691247,25.3847895,-26.7357156,13.2444539,48.9004085,123.0538431,11.7043481,9.5618945,29.386668,-18.3782699,15.5064936,44.5436201,117.3282436,10.5186104,29.8100144,29.9700068,-26.3513932,16.7544172,47.4101915,106.2556859,9.1868533,6.7447742,27.7033548,-17.5800025,11.9025386,38.6396972,99.2137649,11.1799995,77.2761392,26.709143,-38.3408694,18.407408,61.8983162,111.412164,7.8026141,5.1906456,26.3262095,-33.8056376,15.6507163,52.1820448,98.0406724,8.9266174,25.0015589,28.9452996,-22.2222833,18.7811839,55.0861687,101.2081616,9.3117812,37.9429942,25.8526637,-37.5040676,18.8070948,66.3571928,96.6586895,8.1193126
1,12.6290077,25.6868853,-22.1790494,12.8744643,46.4001115,117.3461237,11.1527426,4.3277016,30.4714538,-15.8453882,14.5311143,38.5069604,110.1615611,9.5142075,19.0363315,29.3149678,-25.7387552,15.9233543,46.361666,120.2989134,9.8424035,10.7834716,26.1287868,-13.0420849,13.7775389,48.0973883,109.7388666,10.4268933,43.7799143,26.0446362,-33.7734446,17.7846446,61.2534849,108.4926419,8.8872441,19.7237897,27.9341411,-25.3272383,18.2201598,55.9035633,121.0498395,7.2728326,83.5225191,27.5731176,-28.2150516,20.1375184,65.3882295,85.8234554,9.6191917,8.4276872,26.8183127,-43.8658288,19.7986762,65.7831705,80.7040095,8.0265805,16.2994672,27.2455743,-21.2233281,17.2092918,54.5645107,111.319563,9.3012949
0,9.8550662,29.3813324,-17.7838784,15.3028941,44.0956674,127.1121514,9.0026017,29.9230364,29.9724834,-28.3313412,17.4396317,48.6711106,113.5834874,8.6113749,11.5705093,27.1337668,-16.7995961,12.2348366,41.2254798,100.8300531,11.1253196,45.9115791,26.9344809,-29.6290256,19.2040939,63.2738578,96.125231,6.3104169,22.6528995,27.08815,-26.0681994,16.7301478,53.5649164,109.7381609,7.7372312,68.7449723,27.9811171,-30.7800975,19.6217362,61.784109,96.5877614,8.6652156,18.1863824,26.2603924,-41.5627677,19.6596584,67.5555895,91.965918,7.3055005,3.3003051,27.8916951,-23.4716274,17.6706282,54.2166312,112.5132878,9.5082174,18.5590657,28.5873123,-23.2244246,18.3671864,54.2887018,116.1837668,9.9096822
0,30.3752318,28.1230398,-38.7501605,16.8729788,52.2318537,128.3274087,8.5840344,20.5722448,29.9994284,-32.6877544,17.6099605,48.9526956,114.9190926,8.6624,7.9881956,26.4863059,-20.1706281,13.1500873,44.8752609,106.7210095,10.4431392,107.5878876,25.8841309,-35.9305236,20.483106,72.6963303,103.6703169,5.4647208,33.2528405,25.8862457,-45.1280475,18.398792,63.8039531,121.8745567,7.2947042,72.1555649,26.8813368,-42.6304936,20.8086503,70.2999146,106.4238467,7.9529352,40.6981776,25.7175702,-45.7134908,20.6851467,74.1569218,102.6550667,6.415922,6.3717027,27.014978,-37.013324,19.0151106,61.9436738,99.8436214,9.4259327,26.2052389,28.0643468,-36.0381808,19.1741688,58.7523024,123.5489751,9.0439701
1,7.0010766,29.4694916,-13.7938913,14.9136526,42.751666,126.2677509,9.150791,27.878314,29.8143698,-26.4748884,17.247729,48.5450437,113.3769343,8.541607,15.4435446,27.1799826,-14.7460671,11.8349017,40.203845,97.6640856,11.3860124,46.3013637,26.8979737,-35.6120281,19.0061773,62.6411762,108.9993209,6.5981863,11.5408503,27.0962799,-24.7086035,16.1118291,51.45775,109.8227869,8.0594927,47.9612797,28.447027,-21.3490045,18.9155106,57.9124972,95.0636637,9.2323748,13.6136631,26.5784751,-37.4160707,18.9701321,63.7804503,89.2223123,7.3634737,2.1499206,28.139506,-12.8189512,16.8494123,50.8016651,114.1761751,10.1386727,14.488292,28.825683,-16.7421317,17.8191802,51.8080439,114.0520532,10.3137868
0,27.6665881,28.2730967,-36.402748,16.5264944,50.7413894,126.9695329,8.8673519,20.7292733,30.0004944,-31.7398589,17.4609045,48.5079517,114.0699325,8.8537798,8.0972274,26.5057069,-19.850105,12.9822243,44.4306902,104.9164466,10.840875,91.1612647,25.9906413,-35.6304096,20.2868657,71.4024468,99.5413852,5.6584692,36.1955516,25.951179,-42.9361593,18.1773483,62.7018489,118.9982806,7.5117198,79.6716808,26.8908909,-42.8338181,20.6670406,69.7023795,105.2001108,8.1294826,41.8417225,25.6946698,-46.7611318,20.5508938,73.6860097,99.6717399,6.6121288,5.7052035,26.9946329,-36.3746034,18.854816,61.3887027,97.7815675,9.5353459,22.5114348,28.0291824,-34.8866638,19.03037,58.3442706,121.755328,9.3079207
0,2.0798042,27.6963308,-13.9743974,15.8263805,48.7743379,111.7526873,6.7123535,19.2651746,26.9207825,-21.749611,17.2791255,56.2411746,107.7339242,7.1486282,11.0762824,24.9208843,-16.7016471,13.1262592,48.8419672,85.3328174,8.9793107,32.2874325,26.1695395,-23.0473764,15.2486415,51.6739661,131.9597439,7.248937,14.6685295,25.580305,-22.3524654,14.7950485,51.9510613,89.6141288,7.2455269,58.5567801,24.8842258,-30.4050203,17.5414628,63.972497,105.30383,7.4452259,55.2816907,25.0960858,-42.0361506,17.8735826,64.4666252,76.1852446,5.5480256,67.7808333,23.2618692,-37.7176479,17.2764062,69.5518115,112.2751364,7.6267611,81.4083489,24.2914382,-39.0727269,19.0624745,72.8126293,95.3210652,6.8480073
1,5.2154407,26.2947357,-21.9867313,15.8181936,53.2983276,104.6673732,6.0864025,37.9153636,25.3541159,-29.6886088,16.6595129,59.487876,113.5056939,6.0095896,20.6742545,22.8068951,-29.0817376,13.4433571,57.004188,113.8129959,7.0437301,11.9228053,25.6711182,-23.2236795,14.3402023,49.9315212,121.3038869,6.1344047,29.5243167,25.0999339,-22.1919538,14.1696335,52.1448105,83.4149204,7.3410466,55.9810846,23.5883111,-30.5758286,16.1190751,63.2968955,104.7539468,6.4282854,39.4624541,24.4006187,-36.8538173,17.2660549,64.7207388,49.6683791,6.3077974,59.6136112,22.5758829,-31.8374829,16.7014224,69.9194153,102.7061547,7.597064,101.6543778,23.7718012,-32.0643121,18.5272532,72.7733676,84.4711072,7.1545789
0,1.5682325,27.7250905,-23.4026024,16.3085745,50.3189957,109.0608853,9.5073729,18.9817247,27.3728659,-27.0194681,17.7402014,56.6152406,115.3751737,10.1298316,4.9239953,25.2556174,-16.5923713,13.5627175,49.0878143,87.18131,12.516419,39.1908127,26.715682,-29.8797805,15.5834234,51.1238341,132.2516194,9.4373297,12.3774462,26.1305735,-27.2380887,16.0844528,54.5908722,94.3742367,9.5588383,74.1996317,25.111887,-37.2666642,17.7360184,63.988957,107.9089535,9.7978917,42.3201988,25.9081382,-46.9230469,18.0204332,62.1499312,75.751102,8.2101493,82.4794431,24.2892455,-42.8240765,17.7154361,67.4163373,113.4375199,11.0173821,62.4380829,25.1709548,-42.787062,19.4770823,70.8586249,99.3498183,10.8861825
0,1.0678813,27.1724457,-25.3673606,15.9108613,51.0820939,119.158878,8.4358604,27.7438757,27.4270325,-27.4537271,17.5770096,56.205043,119.0238066,9.2526999,6.8587025,25.1115175,-15.6535003,12.4248676,46.2443149,94.3703352,10.5362121,21.7306452,26.9235922,-12.6635488,15.0151372,48.4837856,129.4539257,8.7661239,14.7462242,25.8820791,-25.1469025,15.7292282,54.2044586,106.4342264,8.558244,23.4362631,25.5042861,-25.5866284,17.2511063,60.6684533,116.1208442,9.6211039,14.5463267,26.6594647,-22.9907129,16.3702948,53.8018772,83.6421135,7.4548706,101.9783128,24.78503,-32.7444812,17.6670149,65.7621629,112.0865271,9.4488299,37.4049368,25.0892328,-40.8049142,19.3698801,70.7170261,104.5589846,8.9987671
1,16.7721988,30.5403519,-23.2304279,16.7404442,45.3429032,107.9971444,10.2678224,6.9166144,27.4227965,-13.4117128,12.665771,41.2386386,108.1620383,12.4725477,57.8216004,26.7123087,-29.3897167,18.7459334,62.9826684,91.5305672,8.0308214,8.584236,26.2183319,-33.1652816,17.0416994,57.435539,103.2225171,9.658416,36.8022355,28.1625441,-34.3054915,19.8758942,61.3601101,109.1240189,9.4721118,99.3939227,25.4147486,-46.8345555,20.0643539,72.8955514,104.846471,8.3478026,8.0876599,27.4379819,-37.8806777,19.9610082,64.2786071,79.7109021,10.6554407,19.1250127,27.7532329,-30.08526,18.6335482,57.8699365,124.189647,10.6894123,2.9820128,26.8289792,-12.4434261,15.474329,50.2789347,139.3024821,8.5120508
0,44.9847775,26.1457999,-32.5205391,18.2017344,62.6446256,106.6771312,8.3985966,27.3532439,27.7958598,-29.8227584,18.2883564,56.6298662,110.5238682,6.9315807,93.4664514,27.4201879,-31.402396,20.8693706,68.8357277,84.4807254,9.5444834,4.7568755,26.8519634,-41.7554453,20.0134793,66.5018196,79.429979,7.7442936,7.6673437,27.4287205,-22.4900544,16.9605206,53.1157882,115.4995253,9.7830082,12.7225163,27.794549,-23.8632802,18.1170158,55.9294993,146.4091279,9.6308518,1.2894164,27.445994,-9.9378917,14.1766598,44.3159405,115.5241456,8.5832969,2.9235645,28.6254253,-6.4228503,16.3013795,47.4665119,104.1477711,7.7399542,28.9069125,26.0895816,-16.2268039,16.9228872,57.6300199,102.9542985,9.2653328
1,10.5194944,24.6049145,-28.267798,14.1103689,52.4473454,111.7412839,5.6557425,21.8549389,25.1679057,-25.2296925,16.3992532,59.6866453,90.9094979,7.7529915,72.2328927,23.4093887,-35.9231355,15.9015727,63.166685,77.7294434,6.8168966,48.0054545,24.5941184,-41.7731563,18.075491,67.3047129,47.5414263,7.4011347,68.6640103,22.0907241,-35.3769418,16.375283,70.469911,102.0605984,7.0695276,176.4374467,23.1450047,-33.5332565,18.6693677,76.1695818,99.0951356,6.8394531,0.1586195,22.5691385,-31.6733094,13.6893388,57.8599213,87.7380964,7.2188845,22.5598826,24.5120627,-22.8092084,16.1735149,59.840812,53.0100078,7.2800562,24.4644294,20.4392886,-23.4561125,14.6359894,69.5098696,97.1254127,6.8493717
0,19.2250209,24.4578279,-31.8861455,14.3683767,53.874373,119.1689383,6.0622071,29.268952,25.0159445,-27.5358073,16.7869729,61.4715582,95.5364471,7.7347576,65.7503661,23.3752823,-35.6814712,16.1896994,64.3729517,83.8263533,6.6493099,39.8244636,24.7059673,-36.6685446,17.9628852,66.3991893,49.3874243,7.3688218,73.3261366,22.120436,-32.520554,16.5479555,71.1416688,93.2127919,7.1496352,135.7063147,23.1994969,-31.5725468,18.7483227,76.2866938,103.7685824,7.1220118,0.1587238,22.5110412,-28.0261179,13.9915035,59.1385966,87.9900558,7.2697289,29.0970816,24.3847841,-21.6271281,16.4106649,61.2339232,50.7818391,7.3098436,21.7217961,20.6431053,-20.8754027,14.9324738,69.9717645,96.644075,6.7656336
1,19.2250209,24.4578279,-31.8861455,14.3683767,53.874373,119.1689383,6.0622071,29.268952,25.0159445,-27.5358073,16.7869729,61.4715582,95.5364471,7.7347576,65.7503661,23.3752823,-35.6814712,16.1896994,64.3729517,83.8263533,6.6493099,39.8244636,24.7059673,-36.6685446,17.9628852,66.3991893,49.3874243,7.3688218,73.3261366,22.120436,-32.520554,16.5479555,71.1416688,93.2127919,7.1496352,135.7063147,23.1994969,-31.5725468,18.7483227,76.2866938,103.7685824,7.1220118,0.1587238,22.5110412,-28.0261179,13.9915035,59.1385966,87.9900558,7.2697289,29.0970816,24.3847841,-21.6271281,16.4106649,61.2339232,50.7818391,7.3098436,21.7217961,20.6431053,-20.8754027,14.9324738,69.9717645,96.644075,6.7656336
1,16.6297602,24.6063386,-29.965017,14.177125,52.7023403,119.2898171,5.8598459,27.1527487,25.127769,-26.4361529,16.6998391,60.7520362,93.70445,7.5388981,62.0110538,23.4738988,-34.8804193,16.1468852,63.8152848,83.1666427,6.5113873,43.3521794,24.8257997,-37.1800158,17.971186,65.9700912,49.1529629,7.2963067,70.369165,22.1215753,-32.7276299,16.4583152,70.7491235,97.0750097,7.0630786,134.0953948,23.2572443,-31.6418381,18.7214266,75.9085993,103.1310559,6.9322653,0.1436736,22.6274149,-28.2389848,13.945483,58.5443305,86.1952216,7.1436485,30.6732371,24.4686464,-21.5183049,16.3709026,60.7758977,50.4894967,7.1322988,21.3176319,20.746922,-21.4610677,14.9742788,69.7182954,95.9230916,6.6294898
1,21.1365573,24.7793528,-25.7273335,14.4656214,54.1568038,77.7010801,8.4756085,74.3886083,23.3458062,-33.4043261,15.8945471,63.4583615,95.9066715,7.2155785,47.2720632,23.9123863,-42.4516676,17.3464993,66.9593445,44.3628774,6.8105381,67.476805,22.529838,-36.2848705,16.6778954,69.9445485,104.0222127,7.9349881,168.9040484,23.6336664,-35.2126937,18.5870188,73.6454034,81.5836851,7.505317,2.6614125,22.0418891,-30.9454491,14.1241675,61.9814808,103.2929189,7.2745193,0.3931632,24.4892454,-23.6623185,16.0220196,59.3261423,30.962978,7.9322813,46.2227347,20.8720581,-24.6406486,14.2168285,65.8337021,79.2401944,7.8370488,11.8535936,21.718184,-20.5834415,14.7232986,64.9745796,85.362313,8.7860532
1,83.8729474,23.778755,-31.2006446,17.322525,67.7516495,99.6747208,7.1214358,41.0175061,23.3675725,-42.2582123,16.0275863,63.6172577,63.439159,7.1025421,74.4151573,23.1095314,-35.9732844,17.7472143,72.2430892,97.6917887,6.9532883,160.8955394,23.6945415,-35.0748859,18.4084505,72.6187428,73.6584399,7.2591843,4.2275413,22.2765053,-31.150247,15.2762984,65.571067,125.3058126,6.2736951,0.4117327,23.644482,-25.0213258,15.0964032,58.8564564,36.0433364,7.7166024,48.5339752,21.9504756,-24.1526486,14.5678732,63.1497227,61.1875461,8.3946128,3.4489989,21.7620867,-20.4320876,15.2979996,67.1630213,81.951066,7.5492694,6.9213874,18.8244934,-16.2394894,10.9060819,60.5928282,65.4493491,6.9533815
1,55.9017542,23.9458855,-31.6910939,17.1696523,66.3891813,95.8041932,6.5001192,40.2553862,23.7985865,-41.0540076,15.8412093,61.3085702,60.7847336,6.9301304,52.4654637,23.2006691,-34.5685231,17.5175349,70.8000425,95.3571367,7.1310024,151.2199771,23.8166362,-33.3218891,18.137251,71.0474016,104.6179252,6.8469325,2.0591988,22.548364,-30.0099021,14.9328739,63.0519339,117.4217489,5.7480163,1.2196737,23.8393469,-23.5431213,15.2764244,58.8729204,29.5724188,7.4481326,41.273608,22.1140905,-20.8848845,14.2154725,61.1221818,64.4924408,8.0706111,4.5519531,22.2456886,-17.4063705,15.6380713,66.585995,81.0290099,7.2218751,5.1008529,19.0683492,-13.6430878,10.8765409,59.5784841,61.3188877,6.7397122
1,84.4033691,25.4576206,-32.7079128,18.6938466,66.460861,113.8058671,10.457324,40.1531941,25.3015569,-49.5239636,16.7695785,59.491504,86.5479078,9.3442184,84.6735637,24.9650897,-41.6496499,18.6920303,68.8136574,108.0539264,10.5698753,62.2373205,25.1005311,-43.2270272,19.1727409,69.899323,91.9198259,10.2722704,2.4630501,23.4978188,-37.8049156,16.7087854,66.3974527,135.5715314,9.6117161,1.0500984,24.7059892,-25.5781049,16.1342695,58.9978917,65.9921289,8.9748433,13.0252532,24.3608515,-20.9393194,16.2791281,60.9548229,77.0215474,11.5177419,0.3224671,24.0426205,-16.3154546,16.5822363,63.5258105,69.0316813,10.5123354,2.7081288,21.0006978,-11.2633863,13.066995,61.2301796,86.2799163,9.5672976
0,45.376006,25.2824171,-26.3249082,18.5364736,66.5084732,117.563983,10.831719,18.7506562,25.1260442,-38.1568717,16.3632552,58.6436375,90.1325828,9.2194615,99.4101565,25.1646665,-30.0284652,18.5453425,67.6787091,104.6607808,10.3670371,73.0436426,24.7708598,-42.6658178,19.1841992,71.3079589,94.5975415,9.9420987,4.2762085,22.9027585,-37.3456264,16.9548303,69.7467693,139.5800974,9.8610287,0.6828593,24.2032874,-26.1218753,15.4748945,58.2722027,70.0198262,8.2899219,11.8279151,24.1499303,-18.7370088,15.9386414,60.5593586,72.7100751,11.2202961,0.1456946,23.5190528,-14.2095294,15.8128597,62.6731103,70.8574355,9.9785074,4.1417397,20.7047424,-10.0449659,12.8328153,61.3613124,86.8915682,9.3559556
1,76.1835925,23.5469745,-39.8179125,15.8901455,62.4396198,63.9319085,7.0074013,54.8717575,24.1058564,-35.7901482,18.3025633,70.5306393,90.7869334,7.4705814,163.232522,23.4650886,-33.7798214,17.6152843,70.2349405,105.1627583,6.8874016,2.2339916,23.1772324,-31.8510607,16.5566758,67.0712067,106.4785303,5.6005413,0.6028677,23.1212283,-24.1387123,13.9933949,56.6191981,47.4872049,7.4297234,43.2697109,22.850517,-20.6734743,14.7727576,60.5597576,68.0542627,7.88869,4.5824319,22.109896,-18.2272913,15.6294217,67.0802692,77.2147106,6.429758,5.2845092,19.324968,-14.4133018,10.9311062,58.8362201,64.5471727,8.0743603,0.0386667,20.5309162,-11.4537058,12.5057579,60.1210095,106.933896,7.0270092
1,71.725776,23.189691,-40.86853,16.0598395,64.4421093,65.5201888,7.3426162,74.415152,23.9106741,-36.8750552,18.4028482,71.821532,90.2749427,7.5270282,160.7777494,23.3803555,-35.5041763,17.8704601,71.5866259,75.0194589,7.2844888,4.3334013,22.8955999,-33.0223152,16.8069362,69.3040935,114.1704299,6.1338265,0.2166892,22.8970339,-26.3693798,13.9492461,57.2167088,50.8695902,7.7388121,48.7418196,22.7244591,-23.704703,15.0233273,62.0166098,66.4957721,8.1757986,3.4494221,21.6125409,-21.302077,15.4320992,68.288773,76.9738821,6.7886281,6.8536015,19.0607915,-17.3446061,10.8234727,59.3452733,67.0114867,8.3533174,0.0971091,20.2236896,-13.6488015,12.4687543,61.145881,146.4528982,7.1988201
1,59.2761688,22.9505552,-41.4060894,15.9525804,64.9091295,65.6748543,7.5157541,81.5138864,23.8341035,-35.8754434,18.3452229,71.8882029,103.5837623,7.618837,142.3942018,23.2514981,-35.4647674,17.8963228,72.2037579,78.0698081,7.4460067,5.4349547,22.6702256,-34.1686029,16.7431097,70.0270777,118.9039617,6.3971095,0.1776482,22.7085737,-26.4304569,13.7765491,57.2297196,51.8143434,7.8818002,52.6093564,22.6144168,-24.230767,14.8909786,61.915563,66.4222094,8.3268474,2.2953272,21.2961672,-22.8479169,15.1053658,68.191978,76.2232365,6.9178702,7.0599378,18.9517665,-18.5015313,10.4702501,58.4007722,68.4439076,8.4941028,0.1633,20.0157387,-13.7437675,12.1559858,60.7144859,146.6570577,7.2693843
1,30.5578457,24.6792222,-39.9118438,18.6061785,69.3277331,58.42695,7.3864877,78.4444066,22.5864119,-35.855555,16.8838324,70.5817915,76.0165276,7.4894316,141.8242563,22.6286236,-34.1214417,17.9703955,75.2188014,103.4800029,6.0279691,0.0397816,22.8314513,-29.9086962,13.2839962,55.0321341,84.2356877,7.8192597,30.1496301,23.2310978,-22.7577928,15.2179362,60.8992618,56.940233,7.5314892,16.8664545,21.5653853,-23.431194,15.5918722,69.0580103,85.1592424,7.1649484,10.1979486,19.5194513,-19.6480313,11.510316,60.0849539,65.7231952,8.5449141,0.10791,20.4630156,-15.1559878,12.7385195,61.6335523,137.5308761,6.7906192,0.7738459,17.7368148,-9.972034,9.0186137,57.1258265,106.3952765,7.460504
1,32.5936573,24.6318345,-39.5693509,18.6258237,69.5966555,61.9734296,7.2837351,76.6769351,22.5908471,-35.1094324,16.9913357,71.0266799,77.5475031,7.5085839,132.1921756,22.5826193,-33.04426,17.9890153,75.5067664,105.7737524,6.0937653,0.0496164,22.7405333,-28.553579,13.3535275,55.5905489,84.388236,7.8835205,32.2232906,23.1523869,-22.2019851,15.3349854,61.6298981,57.0752236,7.5429689,15.9380376,21.4492558,-21.1253483,15.5584738,69.3946779,84.7089664,7.1441668,9.9845788,19.4283218,-17.6006425,11.5171194,60.4448288,66.1091439,8.553708,0.1649069,20.35054,-14.2617552,12.8282412,62.4054647,137.0418729,6.813332,0.8075225,17.6654606,-10.2322921,9.1632589,57.9138848,106.7356227,7.5298246
1,39.3575179,24.6413722,-38.0497491,18.5165057,69.1366584,41.6624427,7.5750803,72.9092212,22.4772892,-35.2019621,16.9757188,71.4250854,80.596249,7.8731049,109.0235074,22.5400819,-35.0893745,17.9787207,75.6235466,108.8046472,6.4991481,0.0680789,22.6753396,-29.9415719,13.2699011,55.5127042,84.9196872,8.2815159,35.7252274,23.186355,-22.8597224,15.2859782,61.2868547,55.7045472,7.8630045,18.8711077,21.4081506,-26.2333248,15.6019227,69.773984,83.5751152,7.3468285,7.6101235,19.5484634,-21.3473262,11.4075735,59.6117585,67.2543599,8.9375147,0.2661603,20.4737822,-15.2459349,12.5682884,60.8955983,139.3260631,7.1341016,0.7731604,17.8466618,-9.4329426,8.8819194,56.2530479,114.7999802,7.6732094
1,39.6221774,24.7828924,-35.4141667,18.5735288,68.8459145,47.8674053,7.3571721,66.3188102,22.5859969,-32.9907341,17.0257188,71.2057464,80.7171771,7.556114,108.0623378,22.6837261,-31.5950792,18.0343278,75.2477635,108.0271797,6.2281957,0.0882253,22.7182189,-26.5593147,13.5395626,56.3219056,84.7733437,7.9487487,32.2160636,23.2314559,-21.4675032,15.4522542,61.7707192,55.5128813,7.5474733,18.5715497,21.6107711,-20.8526645,15.8702495,70.0904636,119.2851836,7.0614571,6.8798474,19.5845474,-17.7963125,11.8282929,61.1358637,66.8789211,8.5895073,0.3765183,20.5390247,-14.3604483,12.972691,62.1914045,140.3397481,6.8407661,0.7811772,17.9329655,-10.1787532,9.3564311,57.7176965,115.6554502,7.3339031
1,39.6221774,24.7828924,-35.4141667,18.5735288,68.8459145,47.8674053,7.3571721,66.3188102,22.5859969,-32.9907341,17.0257188,71.2057464,80.7171771,7.556114,108.0623378,22.6837261,-31.5950792,18.0343278,75.2477635,108.0271797,6.2281957,0.0882253,22.7182189,-26.5593147,13.5395626,56.3219056,84.7733437,7.9487487,32.2160636,23.2314559,-21.4675032,15.4522542,61.7707192,55.5128813,7.5474733,18.5715497,21.6107711,-20.8526645,15.8702495,70.0904636,119.2851836,7.0614571,6.8798474,19.5845474,-17.7963125,11.8282929,61.1358637,66.8789211,8.5895073,0.3765183,20.5390247,-14.3604483,12.972691,62.1914045,140.3397481,6.8407661,0.7811772,17.9329655,-10.1787532,9.3564311,57.7176965,115.6554502,7.3339031
0,12.7879404,20.8419609,-16.138942,10.8696241,53.6822917,106.0554187,12.0716837,57.8896629,24.1801577,-24.4464353,18.4561963,70.8478232,99.6411144,10.9877641,100.2232105,23.9596714,-36.9524769,19.6760034,77.4514622,109.8661275,8.8359793,26.1918733,20.5075335,-39.0569465,14.5527035,68.902496,123.4424723,11.5997287,54.3174027,24.3279147,-42.4337722,19.0265992,72.4770506,75.4606874,10.410774,104.7592752,24.9893899,-45.3485316,20.8949243,78.5140589,99.4960053,8.1991599,48.1405097,24.721427,-46.0235458,20.0259159,75.3868194,96.5521607,8.5591992,54.6488067,24.0054941,-55.2572217,17.4395659,66.9247461,215.7224936,7.6742293,34.6373337,26.8179949,-46.9307564,20.3011539,67.7159596,67.1393531,8.0362305
0,44.2703183,21.7562786,-28.657319,15.1218836,66.6808771,96.5766728,8.3499122,34.3978171,23.9181646,-29.3321265,17.5608759,68.1016618,93.2911655,6.0587704,26.0670623,22.0440113,-35.5589604,13.5238765,59.6462507,52.5553804,8.9705772,8.4159173,24.4174046,-30.2445386,12.8951732,50.2608421,48.4333445,6.6942703,0.4990731,26.912753,-16.3937118,13.176124,43.3119164,68.4171665,8.9388356,39.9798362,24.9822615,-21.8627229,19.2294727,71.9035588,59.299362,5.5954459,17.940345,23.351088,-25.3379652,17.1465057,68.8488733,66.4713791,7.8363336,44.7224126,20.8821372,-23.1234096,16.514672,76.8031664,76.0675209,7.6861659,11.5477714,22.518074,-22.8027059,16.4667068,68.895107,52.4307401,8.3454958
0,56.9946434,22.6034954,-28.8653485,15.9194503,66.5746305,87.2425653,8.972949,48.1790964,24.6497808,-33.0836941,18.1841832,67.7519946,89.9535883,6.6450033,45.7427791,22.7531015,-40.5821297,14.4802649,60.7411057,58.30501,8.8611356,26.940564,24.9553359,-42.9072585,14.7052155,54.1105563,115.368379,6.2832505,0.624511,27.5267341,-36.5778003,15.0492523,47.0449991,77.9402161,9.4441107,45.512697,25.2931583,-28.5700103,19.9689259,73.7825631,81.2919645,5.4567017,10.7277955,24.1906144,-31.7534087,17.4612762,66.5875113,67.0430769,8.0298362,16.1808328,21.578882,-21.347709,16.8873038,75.4165117,81.0618729,8.0353224,18.4939328,23.6868809,-22.4816995,17.1076818,67.0816462,68.1168871,8.4977402
0,51.9425502,25.3366297,-33.3824186,18.8519766,67.8747821,91.2684714,7.3506461,68.5319161,23.4182305,-38.6100365,15.9624139,64.1412574,78.9060215,7.4926934,25.7320232,24.107521,-44.9552946,14.0275743,54.1065881,109.8607571,8.3293744,12.6951551,26.931907,-39.8411853,16.0374081,52.0515626,82.2662734,8.1741282,47.6341818,26.4275066,-29.3422611,19.6248676,67.9764365,75.2296188,7.8022504,9.2970236,24.9743308,-35.0304889,18.3349627,67.2123456,81.9384343,6.101526,17.0426489,22.1431627,-21.4421134,17.4846865,75.4437047,87.5753969,9.6329421,4.5408383,23.4201184,-24.0303343,16.3127471,64.5265778,58.3801454,7.7415924,19.4805753,22.6447061,-23.0679018,14.4186804,60.6520843,137.2237372,7.1310545
0,96.0316142,23.2764491,-38.9138106,19.9580557,81.946871,118.1890967,7.2192698,82.3258614,22.4466973,-42.5538542,18.0774367,76.7820451,130.2814638,6.826375,18.1381084,21.3816177,-46.6873208,14.2021186,65.003752,163.0127851,7.0938957,14.8653304,24.7715392,-49.2415829,16.613401,60.8869322,68.6396323,6.216676,79.0631894,25.5432863,-35.4300682,20.1147276,73.5936781,65.4721542,7.3713234,78.8862958,23.7833803,-40.9852462,20.4862566,82.0514504,124.4096899,6.750639,66.7307796,21.6936184,-33.9013254,18.8613955,84.1534141,109.921435,10.5888742,17.7196488,20.5000419,-35.6757473,16.5170439,78.0066284,108.9018771,4.0787795,21.1505484,21.2389932,-30.8599146,17.0770789,77.643117,127.323935,5.4082876
0,74.4514726,22.4821383,-39.0612036,18.7525441,79.6761037,136.1484993,4.3235187,44.4385295,21.617019,-47.4788016,15.0475517,67.5586752,146.4752104,6.9816743,13.678623,24.3602287,-52.4288975,16.044781,60.2511514,81.8097921,7.5834047,50.0554381,26.0438291,-39.804724,19.4832135,68.435149,44.3649882,6.1662854,77.2344085,23.9668264,-42.3719194,20.4453422,80.8227239,107.8006158,6.0302617,131.5861963,22.0612444,-31.443161,20.0925536,88.7057068,116.6342635,9.1655001,19.0672372,19.5916164,-35.6157776,15.2814863,76.2990486,76.4251756,4.164801,16.0222371,21.6608973,-33.6622931,17.6199947,78.2765707,115.8467469,5.9837367,39.8504019,20.4032221,-28.0052954,16.3382863,78.281372,127.6520828,5.4280521
0,91.3204663,24.8067721,-46.9725225,19.9406382,74.8041898,101.6642895,7.8152746,68.4339737,23.2997583,-47.9741544,17.87068,71.9406173,131.5343165,8.351804,29.3989755,25.2251783,-54.5697603,18.7198217,67.4324074,170.6789299,8.178815,107.5357882,27.2805723,-45.1056492,21.887958,72.9859789,56.4517242,9.5317004,113.4640785,26.4918996,-45.9103892,22.539613,79.1955713,74.6989414,7.0939109,75.5450003,24.5225644,-33.9176077,21.5511718,83.7084249,102.0487402,10.9847376,39.744461,21.847549,-41.6963175,16.6746585,72.7127642,117.974582,6.36386,4.3140222,23.0968592,-40.766242,17.5596757,71.2309867,136.2937164,7.1687416,53.3204108,22.3017817,-32.3463799,17.3971975,74.4689444,84.7492884,7.1307852
1,84.2382722,25.4907972,-52.8809326,20.637383,74.9307772,100.1336903,8.4662275,64.0248691,23.8282658,-49.2360154,18.6433525,73.0822843,137.6969796,7.840345,17.5401099,25.3681796,-55.665954,19.1605281,68.676326,178.1732593,7.5083153,79.9025385,27.8698789,-48.8238772,22.1080914,71.3731069,58.869171,9.6744947,112.3135897,27.1518443,-48.9476481,22.9141329,78.0094166,67.8791553,7.8688147,99.950599,25.0583228,-33.6288437,22.0823974,83.7731679,89.2711199,10.0742457,45.5342625,22.5424058,-42.3354656,17.1575768,71.8885293,122.4073639,6.9565989,6.4127911,23.6295904,-42.2060648,18.2416744,71.9858637,147.765742,6.5214352,63.2661164,22.7271154,-34.5708942,17.9260468,74.9206143,94.7264791,7.8310688
0,65.080341,25.5953789,-52.7481297,20.8029917,75.1957821,97.289516,8.4844472,60.32956,23.8248803,-47.3640123,18.637778,73.1265415,137.80097,7.7527993,24.3553795,25.1584709,-55.5183301,19.0367977,69.0123547,180.0553948,6.9239852,61.0854117,27.785276,-49.6634897,22.1758649,71.885921,61.1125236,9.5398341,151.2173774,27.2907115,-49.8092743,22.913018,77.3591343,69.4738547,8.0414802,107.6045357,25.1551653,-33.7565346,22.2031494,83.9053485,86.742355,9.8448233,40.6737123,22.4617336,-41.7630039,17.0848229,71.9012281,120.0376775,7.3265962,7.0181657,23.5904058,-41.4378522,18.1597082,71.7873438,150.9490708,6.3678445,67.7107304,22.7610835,-34.6476017,17.8279185,74.3044059,95.6144546,8.1280444
1,73.8074892,25.3734144,-52.57555,20.441216,74.5831053,100.3158346,8.2656796,74.895594,23.8569767,-51.1289649,18.6551689,72.998223,139.5622672,7.8672077,9.9576838,25.5481194,-55.694567,19.3316463,68.6512235,176.760473,7.6793605,84.0347944,27.8480039,-47.0705414,22.0796409,71.4077108,57.4183847,9.4683557,101.2133124,27.050469,-47.5989496,22.851169,78.1732862,65.5755129,7.5514826,83.0097072,24.9342099,-33.8554205,21.8872721,83.3875956,91.1318741,9.9792508,44.6653758,22.6015692,-42.8005513,17.2474694,72.0548898,123.0079616,6.6049479,2.7410556,23.7432215,-41.4373986,18.3152909,71.8319592,147.1013818,6.401465,56.5961629,22.7929438,-33.9564178,17.933021,74.7165302,94.240928,7.3567672
0,25.6403318,24.0885717,-54.7279045,15.4603486,59.2184667,168.6668133,8.1550694,1.2184936,27.408985,-35.7050635,16.9477718,52.9532109,37.447624,6.3879267,103.3334301,25.5907768,-42.500332,22.1378478,81.3706013,126.2871114,7.2620882,101.2418472,23.862225,-39.5667823,20.4068817,81.2048122,99.5715677,7.7504443,32.4845288,21.4162794,-35.5752511,17.1238361,76.8490193,131.9702038,6.4202741,15.8863795,23.1537092,-34.9390293,19.1976885,78.4970102,150.9876465,4.415989,41.4241262,22.4590781,-27.7842246,17.992563,76.6917222,133.3735146,5.1349534,8.8190009,21.6878747,-32.0126014,16.6683307,73.5445224,168.2788334,4.8839008,41.8803039,17.0744527,-25.9855064,11.513607,69.904178,96.2625026,7.4599131
0,42.1482256,24.3777725,-52.6355654,17.2123831,64.6646741,139.3692903,8.6091158,0.5391347,27.0268398,-43.2339739,19.131626,62.1059467,60.5090598,8.1686383,215.2018712,26.4830294,-43.8727327,23.0492004,81.6823927,74.1966313,7.9579229,51.1369162,25.1073503,-40.7610415,21.141688,78.9130043,81.8062346,9.3582104,51.5733634,22.2802117,-39.3084297,17.6514647,75.4683446,105.9917706,7.5552404,31.0599041,24.1178123,-41.806167,19.427726,75.3093789,75.006434,5.8553305,71.6404624,22.7522422,-31.2671671,17.9063976,74.9525547,102.6539807,6.7873679,4.7135671,22.4543704,-35.7144894,17.2062783,72.4333187,72.0651004,7.1613376,37.6172903,17.9736063,-28.8813459,11.924634,67.803383,96.1491444,9.3445883
0,20.0076631,24.8028051,-44.7854735,16.733721,61.2620418,135.4170733,8.5586086,0.5667466,27.7649827,-30.9801847,18.5227393,57.2423609,59.8813325,8.0967626,173.3156012,26.4672254,-38.9348352,22.8897114,80.9905315,83.2921233,7.3469948,46.455478,25.1133237,-36.1584909,20.8836558,77.6916643,82.6498105,8.5236849,45.5245052,22.4120558,-33.7772556,17.4043944,73.8824513,106.1547477,7.170697,22.9482633,24.3020816,-35.908631,19.2693764,73.7470005,102.5541102,5.3525879,69.2351766,22.8949993,-28.6805779,17.8354504,74.145028,99.0570543,5.9378876,4.8649778,22.5085371,-32.6199867,17.149776,72.0845146,100.0576788,6.4702746,41.0347524,18.0229878,-27.8284755,11.7714276,66.9006494,96.324984,8.7358797
0,31.0169986,23.0070124,-55.3685576,15.1145316,61.9245347,162.0735978,7.8481383,0.3510523,25.842709,-45.0638169,16.7184668,57.2654315,51.2483156,6.7386627,98.1154756,24.5307264,-41.181325,21.4876118,83.3837271,113.5773629,7.8777545,73.7926119,22.738755,-37.8022697,19.7851369,83.6549598,95.1158355,8.7950018,43.3233206,20.3110141,-34.2790969,16.4382567,78.7404612,122.3350897,7.8523126,21.1069268,22.1129621,-33.3455484,18.6973061,81.0482168,61.4265427,4.8127539,51.4026142,21.1989869,-29.0980153,17.7290864,81.2736113,142.1187534,6.0207092,5.8225264,20.6504235,-32.9997567,15.9133095,74.7573742,100.6655276,5.5536315,53.0646833,15.910968,-25.6017372,11.1033449,73.2500264,99.9900933,8.6742342
0,31.0169986,23.0070124,-55.3685576,15.1145316,61.9245347,162.0735978,7.8481383,0.3510523,25.842709,-45.0638169,16.7184668,57.2654315,51.2483156,6.7386627,98.1154756,24.5307264,-41.181325,21.4876118,83.3837271,113.5773629,7.8777545,73.7926119,22.738755,-37.8022697,19.7851369,83.6549598,95.1158355,8.7950018,43.3233206,20.3110141,-34.2790969,16.4382567,78.7404612,122.3350897,7.8523126,21.1069268,22.1129621,-33.3455484,18.6973061,81.0482168,61.4265427,4.8127539,51.4026142,21.1989869,-29.0980153,17.7290864,81.2736113,142.1187534,6.0207092,5.8225264,20.6504235,-32.9997567,15.9133095,74.7573742,100.6655276,5.5536315,53.0646833,15.910968,-25.6017372,11.1033449,73.2500264,99.9900933,8.6742342
0,99.4393204,26.4510581,-19.6332717,18.9099831,65.9327303,49.2462245,7.418236,41.5993436,24.2742738,-38.7392398,19.4695492,74.9516979,68.1896868,5.0132993,52.180645,21.7743638,-29.1562192,18.4928571,81.9610752,93.3346109,7.7485784,7.7034608,21.5657564,-31.3672228,16.4569935,72.7990428,105.7016625,6.1695581,11.1697208,21.8133503,-25.2579292,16.518949,72.422659,93.1486603,6.0369802,26.2160172,20.782099,-23.4062206,15.7754576,73.8413147,78.8527259,5.547506,7.1920295,19.1485117,-20.1520789,12.6494559,66.183857,107.5986234,6.2883791,2.6514417,16.2104392,-14.4316107,9.8613418,66.1391367,56.6367165,9.0903835,23.5372745,15.781429,-12.3688728,10.6657323,71.7002432,92.3281833,4.2978974
0,88.6729781,24.8280844,-23.9363918,17.9543598,68.2404005,74.7481867,7.1616462,32.8277602,23.0192689,-36.8974656,18.235101,74.9175793,100.4804618,5.4670833,69.6533145,20.3196275,-27.2710314,17.3585147,83.4536133,79.9760497,8.3460123,8.2248524,20.3820162,-30.9341885,15.2065133,72.2444538,107.1660092,7.0003137,13.3086633,20.5759805,-24.9603586,15.0969682,71.6276823,127.8572104,6.2453069,34.2957099,19.4559271,-22.9255138,14.5028665,74.0666291,110.3106761,6.3051205,15.6331946,17.9054453,-20.2876069,11.4957043,66.4111487,93.0213108,6.6660326,6.814096,14.9044741,-15.5345164,8.6834528,66.5044852,81.9727421,9.8816918,24.4280659,13.9790608,-12.6938438,9.4675796,74.3850041,65.5364987,4.3316053
0,100.2147619,25.3982749,-18.0896539,18.2865619,67.4041608,40.8266444,7.4387512,34.3343123,23.4482891,-36.8611543,18.7097673,75.1268208,65.9418723,5.3006056,59.0575607,20.8384833,-27.8841285,17.7018333,82.6267427,86.629648,8.0491528,5.8283136,20.6915784,-30.1441569,15.5435332,72.4304313,103.593766,6.659634,10.4933273,20.9404092,-22.7293652,15.4834754,71.7274532,90.3471655,6.2681776,27.0780643,19.8604112,-21.7501651,14.8954121,73.9490554,110.1291319,5.8358603,8.4889819,18.3190602,-17.5596448,11.8603364,66.2469977,100.4797486,6.528022,3.4628546,15.3139956,-12.2278277,9.0263564,66.2174707,85.5567824,9.6148938,23.8596909,14.7091471,-11.3209123,9.8121841,72.6016627,79.9244448,4.373597
0,109.2247639,27.7215903,-30.6414394,21.4929828,70.530489,86.5250762,8.1532869,97.6366057,25.8663881,-40.052034,21.8943783,79.0125964,121.6045706,5.4833963,56.3827874,24.0269599,-35.4739353,19.8223086,77.7728763,105.544702,9.772891,15.7786533,22.5549654,-34.9759199,17.8512643,74.8663619,87.9878395,3.6375975,6.0426485,23.5833129,-30.4277642,17.6616899,69.8400092,72.313127,6.0675337,49.6154596,22.3923936,-27.8505506,17.8829853,76.199034,141.2507859,4.7984643,43.9709415,20.6022389,-28.6822505,15.295452,71.8624565,98.0779543,7.4104703,8.5597074,17.6369448,-22.6909751,12.1373916,70.3053057,99.7264743,7.7665373,7.0017092,17.6496337,-18.7213058,12.4585138,71.8342735,127.4117631,6.593453
0,83.0845956,25.576408,-38.2686714,20.1941547,73.7946716,76.2943439,8.4164381,65.7320424,23.9338848,-42.7217437,20.6231056,82.0179403,121.2717264,7.7735735,58.5464211,21.8335517,-35.4649806,18.9301048,83.7774852,107.099834,11.9872821,14.5001486,20.5914726,-36.9650759,16.4529082,77.3218758,87.3776166,4.8017236,29.6733718,21.3113728,-31.9582298,17.2013302,77.8475321,106.0791995,6.2841483,34.5222523,20.4507514,-29.7418209,16.5622496,79.1150972,114.2971228,6.3595116,57.0943047,18.6214284,-29.0605668,14.2841564,76.0410359,97.9427767,8.8085578,4.3649709,16.038255,-25.6199846,10.7169489,70.8965539,133.1940218,8.0731411,14.7915296,15.5878824,-20.1875241,11.7806737,78.2586476,151.4787887,7.8173494
0,191.4134149,27.0834148,-41.8387922,22.4691465,76.6567886,53.705151,10.0313393,50.9651407,26.1522035,-45.0839614,22.2597022,79.4873969,83.7477234,7.4645781,52.8819533,23.7904608,-38.3606888,19.8196231,78.7854681,100.9345392,10.9030127,39.4706801,22.8400972,-41.3822448,18.0407419,74.5456132,100.3586735,5.6179121,9.6974265,22.6591674,-39.1483065,16.6595659,69.1556932,136.5055943,8.1712759,49.0042587,22.4289008,-30.2903913,18.0835061,76.952829,95.3057525,6.7272862,28.3718546,20.170346,-32.139603,14.9707531,72.1334375,95.9652923,9.2580693,30.5402613,17.9336651,-27.7952291,12.1225072,68.9750471,125.9457525,10.107359,15.7478266,17.2898274,-21.7287811,12.6602635,74.4352179,126.8457296,9.809426
1,117.9580899,26.2197316,-45.7934635,22.3990206,79.7294557,79.784807,7.403856,87.7705239,24.2919898,-34.6366037,21.3966064,84.0855397,102.5575115,11.7575013,33.6733554,21.4358709,-42.082727,16.5051842,73.7691059,85.9068901,6.6676377,8.6345543,23.0797857,-42.4778936,17.6374996,71.6695347,88.3332946,7.8992323,59.9550784,22.1267736,-32.9298889,17.2513641,74.540398,108.1672049,7.5235572,38.7060801,21.6879347,-30.6878733,16.7227802,73.5287887,93.851151,9.9654442,27.3360944,17.7840416,-28.1796902,11.9447994,68.7845953,83.3746673,10.8031916,9.5990939,17.4500514,-22.7183504,12.268634,71.8124005,114.5189347,10.3213139,5.8000455,15.7205338,-18.0789735,11.5831554,76.4725316,186.276123,7.5043405
0,53.0693017,22.3373482,-24.7401632,19.0810319,82.2450333,69.7125936,9.1486253,30.9632782,20.194643,-30.0999107,14.7971539,71.3803165,70.6569078,6.8255386,7.5567257,22.4030511,-24.9394961,17.0382068,71.8741026,184.1861263,7.1177434,43.6045863,20.4966834,-20.9067389,14.4761204,70.086081,134.9822116,5.0084925,20.997495,21.2537587,-22.6098727,14.2352022,64.7149587,36.2985679,8.622437,4.1226928,16.197817,-17.7619299,9.7875935,65.8371722,40.0365056,10.568645,29.3273127,15.4098331,-15.2208675,9.6024162,68.7938224,124.0806798,6.1824491,1.1115335,14.0432979,-13.0198905,6.6695669,61.4922198,179.4325801,5.2678277,0.2228108,13.6192398,-10.0960238,4.6342931,55.0734127,53.0170506,9.2893973
0,95.2330016,23.7616809,-36.7347356,20.906333,84.5085568,103.8797179,12.2170656,54.8545633,20.6352029,-35.610578,16.3462912,76.7285947,118.9940418,8.520208,25.7380199,22.8461826,-36.4346504,18.9580798,78.8196457,105.4596496,6.4850977,57.7380098,21.7963172,-33.6109186,17.5643936,77.6786369,134.5101376,8.0161778,12.3868739,21.7003733,-33.5756699,17.5429333,77.657509,89.9267821,7.6359083,35.6911753,16.679832,-28.179558,11.691223,72.5455148,80.6686362,11.6763369,18.5022151,17.3523542,-22.391079,13.3597404,77.7296439,189.7334469,10.2169478,6.3735359,14.5289424,-19.6934612,9.8930126,73.8849495,180.0056719,7.2566225,2.4032083,13.6335139,-18.6495595,7.0649083,64.8484094,104.5223395,8.2026662
1,93.4556507,25.2735706,-34.6376169,21.9131526,81.9691616,85.2243024,10.0633422,45.1238517,22.4425271,-40.2967483,17.3697531,73.32795,104.9408749,8.2857156,7.9083931,23.7687005,-40.4726397,18.8617582,74.0791479,146.0999565,6.1077722,52.5106527,22.5118526,-33.6148683,17.3681533,73.4815244,106.8683748,6.9689538,15.2833467,22.7880524,-33.25711,17.8249645,73.7236642,84.6074196,8.2972815,13.4427582,18.2111715,-29.7135301,12.121057,67.743288,85.8752866,10.6340117,40.8050066,18.5407983,-24.1253972,13.8254468,74.2602606,158.4928383,9.8292061,3.4376048,14.9615678,-17.9898506,10.2809764,73.6889804,139.8593712,7.8752414,5.8249321,14.1726659,-15.8608276,8.7763748,70.8137879,115.5809726,6.3439709
0,76.564052,27.8942737,-44.2318935,22.9506689,74.9058228,78.8483054,9.8951224,134.4792162,24.480434,-43.7743105,19.7382915,75.1553045,108.1541853,10.8044348,37.3282325,25.4999098,-43.7113009,20.5221179,74.2211992,133.6554416,6.9027817,71.3328309,25.1882036,-41.21181,20.424916,75.3369235,86.4837727,10.8988362,3.071413,24.2071035,-39.4939408,19.4424613,74.8817205,121.7354211,9.2769502,20.1167052,19.9624573,-34.0025127,14.0498412,68.9692858,110.1545261,11.5176817,54.6321517,22.0132266,-26.0626012,17.427286,75.658111,103.9349179,10.4624154,5.8282875,17.1281775,-24.9869153,12.859134,76.0974829,129.6143789,8.9594071,95.9854808,15.6927912,-23.4421529,11.7744868,77.6204522,150.1362554,10.072268
0,68.9177148,27.6989042,-40.6782618,22.9090348,75.5736538,80.7104546,10.2763131,247.4490915,24.2958393,-42.7199593,19.4491233,74.6864609,110.1090472,11.3901364,34.9509758,25.3407708,-42.6106909,20.3856189,74.2884794,130.8045347,7.2119503,54.2916246,24.9376013,-40.4842431,19.9596003,74.2710728,86.3486931,11.1195567,2.7534818,24.068163,-37.2854704,19.1858939,74.317083,119.5579371,9.6151779,16.8020611,19.7965475,-31.7064384,13.7315306,68.2755996,107.9269934,12.0144649,55.5178171,21.6406925,-22.6543294,17.0973706,75.8566717,104.9859587,10.8889271,6.2959753,16.8351517,-23.9277035,12.4790965,75.6453548,124.1317205,9.1231713,74.023762,15.461053,-21.8124138,11.3801997,76.7887044,147.7680684,10.289228
0,10.5237785,25.4823725,-44.9882979,20.3647619,73.4858855,111.6024738,7.1119766,48.4874491,24.707339,-38.8907911,19.2428059,72.0804042,93.145096,8.6159535,22.1231242,23.7655422,-35.903384,19.2045679,75.825951,123.7756223,9.7340784,26.432081,20.8964853,-33.4789772,15.5397611,71.6020986,116.2413157,9.4300465,17.1197361,20.31329,-27.3426985,14.623496,70.0916941,85.1030263,9.2748928,33.8528835,18.8883333,-22.1228907,15.0438167,78.6480964,129.4014985,10.1417924,52.6969161,16.8760448,-23.0351305,12.7219822,76.7642883,111.4882492,7.973709,47.2319701,14.3869013,-18.6278224,10.6882627,78.6439595,129.472103,10.729517,31.8596692,16.4537378,-13.5251712,13.6518658,83.5725605,135.0706267,7.6883046
0,23.0530391,19.7231206,-27.6929652,7.4353337,45.7546455,167.4983065,10.6520436,19.7140793,20.3813583,-24.6915119,11.5463539,57.7591614,77.0196157,10.2577059,25.3120602,22.8511848,-23.8177069,11.7336431,49.7133966,122.1835653,8.7408251,8.6072354,22.2589629,-27.9001007,10.1915349,47.1589295,147.8514716,9.9471439,4.7639809,24.9883943,-13.1964106,11.5397063,44.2837179,116.5341455,11.5382856,19.5683889,27.5102629,-23.2871724,14.8027754,46.1485246,68.9354234,10.5910679,23.1291802,23.0708471,-21.8765298,15.0787275,61.0389813,167.1862185,11.9710079,28.6077175,24.4570574,-29.706073,13.5951406,50.9517058,92.805014,9.3921567,13.6542091,26.3544594,-16.0019668,17.0424461,57.0702472,84.0621742,11.0811056
0,12.3268768,19.3112757,-32.9134539,11.0447712,59.525355,85.9536994,11.7411542,8.0038365,21.5482292,-30.3269159,11.342915,52.7877018,154.3632595,7.7086704,32.6717382,22.7932127,-36.8687594,10.2620183,45.8393863,230.6745285,9.6548613,2.4590593,22.7724699,-26.3839783,8.4315893,40.4940314,163.8267906,10.4449383,14.479908,27.8091532,-27.1111038,13.6369763,42.1515972,111.7079296,11.8758061,68.4608081,23.4317179,-29.5075523,15.5690229,62.852477,159.5091035,12.6030658,27.3549458,22.9539427,-47.6285126,13.8364957,56.8208879,100.5276186,9.5232816,20.7038893,24.8188655,-39.9468634,15.0563069,55.3961804,90.0049595,10.6155254,35.9560152,21.5424794,-33.7754311,12.3829823,57.0058472,108.1358602,10.8455316
0,18.8272295,22.1785598,-34.9861877,12.1347904,53.8024833,93.6770943,4.4866988,12.724315,22.1941338,-30.2005224,8.0723321,43.7183838,112.2902012,9.3920543,5.1562395,26.050139,-24.8208931,12.331383,43.7813523,47.5544265,7.8173358,26.0731668,22.3553593,-23.3833678,13.4166136,57.3029731,97.5122733,6.3806105,3.1390219,24.3300814,-21.5863409,13.1022633,49.929546,82.4295501,6.2787246,8.9750602,26.2830475,-16.5196536,13.8697934,47.5490139,62.3303123,8.2751487,40.6102826,22.8013288,-14.9963759,14.1107285,59.4178442,82.8170493,7.0989502,15.5616488,22.1409094,-25.214416,14.9799809,64.7609069,57.0763245,8.1830876,47.457113,20.142178,-27.7847266,15.2732889,74.5041842,80.6457708,6.414993
0,17.1006868,23.5471034,-24.993863,8.4415419,41.5688313,133.5955793,9.3407839,4.4959571,27.5334292,-28.2831034,13.5109022,43.4121795,53.4165947,7.7364281,10.2108935,24.8497264,-22.3260401,14.4832489,52.9614106,93.6681339,8.2992345,18.2256535,25.0661313,-24.3489882,13.4065003,48.6047576,72.981214,7.3882818,5.1953981,27.3229755,-22.6123454,13.7749782,43.8671378,78.6644803,8.3435619,34.8341196,24.6742008,-18.9111698,14.6197936,54.6006135,70.16804,8.9302566,6.1857548,23.613048,-25.4741795,15.3975351,60.6355216,57.7405914,8.1903416,58.8390443,21.0237864,-26.6103465,16.6496998,76.5567934,106.7238074,6.6419913,2.6561639,24.3152229,-26.4424151,15.8089675,59.2081973,36.8040061,9.515471
1,12.4128858,23.7231125,-22.7357624,8.2200819,40.2734402,137.8189452,9.3839482,6.3403036,27.6912987,-26.115993,13.4993299,42.7960578,57.7489778,7.59135,9.8416278,25.018395,-20.025162,14.4169973,52.2616218,93.5814656,8.6386375,24.5355502,25.2143084,-22.5522825,13.0716696,47.0898286,78.4104125,7.5640367,4.4537226,27.2967141,-22.9200041,13.8335231,43.9855573,78.6338022,8.5992136,25.9917556,24.6690331,-17.1069279,14.345054,53.6903904,71.9540726,9.1570149,4.9738135,23.8403592,-21.8889574,15.2654062,59.3044793,60.0015688,8.3638081,53.5522762,21.1185048,-25.4227705,16.5796885,75.7494477,105.3751055,6.9767881,3.1373969,24.4540412,-24.2141848,15.7787754,58.6124372,39.354664,9.6782743
0,34.8944541,25.6852694,-35.9712001,16.1184238,57.2592219,86.3908116,9.451721,18.870762,25.9936243,-21.2191185,15.3163369,52.2309558,108.4706691,11.0659453,28.5310978,24.9334279,-22.3286953,15.6407893,56.621371,117.8546733,6.48982,15.0313119,25.5858619,-29.3126488,15.1097704,52.9293609,82.7104032,8.27363,13.5044127,24.9679416,-25.7574078,15.9187504,57.7384403,88.3547137,7.7588699,43.9032189,22.0088849,-29.4979922,15.2390298,66.1312181,89.9576708,9.0364097,65.5395465,22.1496468,-26.6035702,17.585253,76.1401788,117.1367927,10.2560779,0.6853949,23.4506991,-31.9516566,16.2618114,64.0921372,43.7161677,9.2987985,29.6636488,21.5561798,-24.5505022,14.190499,63.1422723,94.3173917,7.7968004
1,27.6973124,25.9022453,-38.4363355,16.1481439,57.0567437,92.37681,8.6716163,8.0280811,26.573263,-23.0504358,14.8784951,49.1782582,113.3059348,9.6148978,21.3095183,25.6936085,-19.0984234,15.5061051,53.5995832,126.5697944,5.7721738,24.1518656,25.7820126,-30.5546904,15.4870897,53.7082404,81.1461621,7.5103336,15.7884328,25.4890923,-30.0627984,16.6512211,58.7560048,92.5483359,6.7317719,30.7228438,22.4922508,-26.975085,15.1864826,64.0267493,97.1750736,8.3391337,70.7998054,22.7906868,-26.5080109,17.8280345,74.5134572,122.7214504,9.2711949,0.4879396,23.8692782,-32.750437,16.0545034,61.7162174,49.6832371,7.9538977,12.217265,22.2357127,-20.506789,13.7869427,58.9400347,103.5359806,6.8044437
0,15.0400668,27.5117563,-13.2633504,15.3438606,48.1339376,58.4352498,13.190576,26.6446962,22.7685691,-34.6841393,15.248043,63.0844979,165.0456115,10.8131276,16.9451227,24.6280525,-26.2657991,13.1380232,48.9516747,82.3201027,10.6407365,16.1911961,25.2505931,-17.5476046,15.565021,55.5983493,82.3284226,10.9173419,28.6238009,21.2352252,-24.0953909,13.1921513,61.1469857,130.1496402,9.1661061,31.4923639,22.9956003,-22.8157826,17.0102461,69.8929198,78.3170607,13.2067941,0.9031925,22.6628907,-19.6546279,14.9544212,61.9743126,96.5715061,12.3219858,78.1217511,21.9858219,-18.8073674,14.6493198,63.6399672,96.3016545,10.9239137,18.2582921,18.8788485,-29.7177536,11.5594827,62.7324375,86.471713,9.8330149
0,28.0178159,26.2641977,-15.02016,14.6858121,49.6197105,52.6411094,13.9896086,44.3823232,21.3547344,-38.6858908,14.6512331,66.3646363,155.9620411,10.3874837,61.1951938,22.3440926,-48.9601372,12.0183455,52.1881773,113.7504,13.2634981,39.1143974,22.3590078,-38.7692815,14.1905174,60.7675899,111.4425075,10.8060501,11.928972,20.1494016,-25.5535217,11.0517786,56.6267542,113.0571258,9.9344567,36.7956425,21.5938262,-20.8474491,15.1847497,67.6182367,70.9823546,13.8218468,0.2064142,21.5611003,-24.3180757,14.1954205,62.9709282,101.6479479,12.2392702,83.0200757,19.9830956,-24.2695538,14.1188836,69.630896,66.8223835,11.5566239,1.8839425,17.6661206,-26.9017592,9.9670185,60.7699233,183.33266,10.3385058
0,22.2589642,26.2849822,-57.4634792,16.4472135,55.1663572,56.4568905,13.9500481,40.3071387,22.0307679,-51.2223998,15.8023155,68.3153304,184.2971477,10.0110465,63.4246906,23.0183276,-63.3391049,13.7377872,56.0084886,114.6299821,12.7771821,52.1355834,22.9194163,-60.4968304,15.8010887,64.8781048,116.2154437,10.6686034,14.9555319,20.5599648,-46.2160436,12.8974655,62.0920148,117.4248791,9.4899311,37.9541184,21.9778432,-39.1915794,16.4337081,71.31315,71.4085737,13.61007,0.4427317,21.9971924,-40.4598489,15.546747,66.8909422,96.4346466,11.7349247,90.9427548,20.7076887,-39.1174713,15.432059,72.2405482,71.509386,11.1187966,4.3910778,18.2227775,-34.0010347,11.4668313,64.8108684,187.3364823,10.1943291
0,23.1690824,27.4634816,-15.6448837,15.3817594,48.3345682,60.6770989,12.3860046,3.4173175,23.426292,-24.4242502,14.7676963,58.5927804,171.3996722,10.7625005,29.0853819,24.8164233,-31.834323,13.5454614,49.6918593,81.7576879,9.8990191,17.2660914,25.4664541,-19.3825392,16.3770897,57.6982239,87.1886422,10.4480758,53.0172849,21.2032021,-29.0156081,13.7805302,63.7077379,99.1930348,8.6209241,42.0626367,22.8222605,-28.2789916,17.388835,72.239698,80.3803745,13.0422495,1.8424425,22.2101807,-29.6141384,15.4917177,65.9029846,100.6706996,11.8830813,62.3346413,21.8435367,-22.2861627,14.9516554,65.3243421,64.8686517,10.7104056,37.2265017,19.0142326,-29.9282186,12.0052916,64.0816559,88.4989629,9.7932792
0,44.2497849,26.0616668,-17.9819996,14.0335416,48.8460754,72.8362755,14.0666144,68.1475891,20.63867,-41.5420095,14.3448854,68.31993,216.8786011,13.7467715,26.5695741,22.5330655,-44.0019146,10.3515242,46.4004891,257.667216,17.5571991,60.58934,22.0493398,-39.2631795,13.026105,57.7201572,237.8185842,14.0414675,4.5244211,20.4620481,-30.0066248,9.7737024,50.8242444,139.8031101,10.8605825,28.2385166,21.3594105,-16.9238653,14.3767745,65.5255851,163.7088372,16.2827871,0.1469735,21.5671387,-21.3181702,13.1010032,58.7818222,101.1177205,14.0131016,40.5449415,20.0117903,-20.1929146,13.2969679,66.0794874,153.7287329,13.803483,2.1864063,18.3428052,-19.8390344,8.2130309,51.750723,257.9162501,14.9888611
0,39.1120641,22.5423292,-51.0608712,13.180958,55.7357049,158.6852531,9.8342741,37.2659578,24.6026927,-42.7444512,15.8757993,59.1077979,59.6422595,11.4474275,15.9903903,20.6412376,-34.032587,11.8376654,58.0314318,112.553851,9.9331463,28.9353367,22.2027665,-30.6927413,14.8543217,63.405679,74.7565223,12.0216203,16.8013862,21.4736966,-24.6922243,15.4749165,69.085819,114.4065293,11.5828228,29.5641932,24.3728292,-18.4434159,16.8348803,63.0682462,37.6477822,10.8385703,56.199865,17.2224906,-31.1578205,10.2685998,64.3233603,175.2855198,10.3694102,9.7759875,17.3332848,-24.0358366,9.7922656,61.2877488,192.7450901,9.3408354,2.2176101,17.4247977,-15.3288245,8.9959146,57.770534,172.3220384,7.8330748
0,64.3738984,20.8359164,-48.4006405,11.0116302,53.7071654,228.8068281,11.9081004,31.9471373,22.8485505,-41.7290172,14.5173276,60.3092305,52.153654,12.5819841,12.0424171,19.3914574,-32.2408359,9.5147813,53.5420332,131.0202558,10.7042587,16.9314828,20.880094,-22.3477371,12.8866134,60.6263551,69.6554252,13.583676,27.3443153,19.7954414,-22.6978604,14.1076558,70.1998137,119.296462,12.6921869,20.0458828,22.4892354,-20.2538492,16.0479337,67.353995,30.0649537,12.0513068,46.7014029,15.7481986,-26.6369246,8.709827,63.7180683,198.2468498,12.2364317,14.6417382,16.1843346,-21.6838783,8.1216927,58.9551582,251.1036488,10.917213,4.1097297,15.5552909,-15.4132126,7.5175943,58.8781429,165.3563357,8.0168089
1,53.3785997,21.054764,-51.862618,11.1290456,53.4511592,231.0027699,12.8183893,40.5891849,23.243098,-44.2617713,14.4858416,58.9241108,117.6663256,14.2827249,17.0229514,19.7015729,-37.570985,9.593655,52.7297469,125.5673014,11.0487377,16.979092,21.1777665,-25.4329508,13.063656,60.3514022,137.2813563,14.4620888,21.8509874,20.0521227,-23.6957474,14.0683736,68.9781047,117.8300923,13.3652402,15.8422801,23.0144226,-20.7689088,16.0891202,65.4455689,22.8804242,12.7224773,37.9899606,16.2023571,-26.2063947,8.7665327,62.1797763,233.2270591,13.4413612,16.602731,16.7801516,-22.2328417,8.0149055,56.4095952,255.7243219,12.1897595,5.6512251,15.8349377,-15.666943,7.5113036,57.7995609,166.6010826,8.4347408
1,16.8355881,26.0047152,-25.683051,15.0249928,51.0725123,90.586256,5.8778896,41.3656546,26.7770987,-31.1069358,18.4614357,61.3574368,86.1823792,6.2010696,29.510795,23.5793643,-32.413722,15.9602972,63.1900808,116.8620624,7.6593916,16.8516125,23.9497392,-26.6800188,16.5059656,63.6433279,86.1098275,7.4740361,49.5176753,22.369595,-29.0746372,17.3574442,73.9322529,104.8384075,6.9974882,0.9800258,25.3494324,-24.0809554,17.4293953,61.5787751,46.5210553,7.0471897,10.2143153,20.201405,-17.6509256,10.7049767,54.9027937,115.7124945,6.8607483,63.5114374,18.9621747,-20.5916222,12.7079394,67.681513,89.1524828,6.9452087,3.2019957,20.9153901,-18.4223149,13.6153157,63.1382714,153.985252,5.4424339
0,28.1977682,25.4595899,-29.2487126,14.8141367,51.9539162,92.5136621,6.3051469,32.1138515,26.5681468,-32.3227141,17.6661802,58.8457765,81.5639801,7.9486424,36.1855169,23.1027367,-28.1501869,14.8537461,60.9077744,107.7560953,8.4900987,26.0108795,23.6414547,-28.898837,16.2505131,63.8063099,80.6695225,9.1500754,48.5845944,22.0520413,-31.7469584,17.1694152,74.3965663,95.8422283,8.4572109,1.4138433,25.0880717,-26.9336859,17.2556567,61.8573565,43.3169135,8.6486866,14.6410033,19.6252331,-21.2351494,10.6014204,56.3264193,115.2620046,7.7852881,46.9701352,18.7254316,-23.1030444,12.1171761,65.9266648,77.8823487,8.4183624,4.049678,20.2479097,-18.9704103,12.7463541,62.1629054,113.7845745,6.6212636
0,23.9534853,25.6926791,-27.4883648,15.1083668,52.2705481,90.0634535,5.8657699,32.6216235,26.6123933,-32.0023149,18.2808286,61.0864599,84.9909725,6.614464,33.6571326,23.3414248,-30.256561,15.5787542,62.6926626,112.3720172,7.6589898,19.2921247,23.8701005,-27.8843567,16.4226892,63.6466321,84.0114068,7.8856173,47.6257941,22.3142972,-30.4064294,17.3072082,73.930179,99.9527044,7.2592851,1.243389,25.3827576,-24.3647629,17.2784106,60.8714705,45.1121663,7.4487992,10.2807745,20.1032197,-17.8250559,10.6257043,54.8695888,117.8339916,7.0134138,56.5682861,19.0102297,-21.0669152,12.4983691,66.5059521,84.158582,7.3052368,1.8297776,20.8426606,-17.3300877,13.1377522,61.4982157,116.9296828,5.7931678
0,5.1684498,25.2303521,-20.9351052,15.0646081,53.7283363,71.9791159,7.6947977,39.1529522,21.7391095,-26.545478,14.9725828,66.2019895,63.3609996,7.827311,71.1526351,20.9438362,-24.7891583,16.4622305,76.8942825,108.6821035,7.0557846,4.7929149,22.7610751,-31.3052963,15.3801545,63.2454111,28.8074245,8.8250052,7.2012361,20.722285,-20.8367556,12.4211468,59.3920831,116.8179059,7.6122309,21.7783293,19.1088837,-18.1799596,9.904688,56.1879838,66.8304016,7.7046325,3.2871431,20.0242095,-15.710677,11.6792971,58.8838192,93.6026159,5.2375727,3.0606338,19.2370028,-10.2382284,9.8103057,54.6376633,83.4163261,8.2507733,0.0165135,17.1881315,-6.866198,5.2988167,45.9076024,81.3804128,5.522539
0,13.7812166,24.7807753,-26.581754,15.315015,56.1303307,87.1919504,8.4637609,65.2141891,21.6921857,-37.3668494,15.2579913,67.4619112,91.4645962,9.6059993,63.058533,21.9384895,-30.188214,17.4558584,76.3214265,114.2878526,11.044309,0.5515527,23.1856763,-36.2069998,16.4872427,66.0596356,40.8041166,10.0522402,50.8167561,21.1733592,-31.3474536,14.4874065,65.9508066,94.1775537,8.3597349,42.1353569,18.5122447,-31.3745076,11.5065516,64.0872139,86.762779,9.5176328,1.1204398,19.3080393,-26.846217,12.5764488,65.1813262,115.1246846,7.1632076,4.7283717,18.3690828,-19.0822622,10.7477813,61.3042585,92.5559821,10.0119182,0.1311481,16.6723763,-13.4989303,7.4027474,54.9513462,132.4946297,7.8962868
